mol_name,ncbi_name,gbif_name,genus,family,order,class,match_ncbi,match_type
Clemmys muhlenbergii,Glyptemys muhlenbergii,Glyptemys muhlenbergii,Glyptemys,Emydidae,Testudines,Testudines,1,direct MOL match
Graptemys geographica,Graptemys geographica,Graptemys geographica,Graptemys,Emydidae,Testudines,Testudines,1,direct MOL match
Sternotherus odoratus,Sternotherus odoratus,Sternotherus odoratus,Sternotherus,Kinosternidae,Testudines,Testudines,1,direct MOL match
Chelydra serpentina,Chelydra serpentina,Chelydra serpentina,Chelydra,Chelydridae,Testudines,Testudines,1,direct MOL match
Malaclemys terrapin,Malaclemys terrapin,Malaclemys terrapin,Malaclemys,Emydidae,Testudines,Testudines,1,direct MOL match
Terrapene carolina,Terrapene carolina,Terrapene carolina,Terrapene,Emydidae,Testudines,Testudines,1,direct MOL match
Kinosternon subrubrum,Kinosternon subrubrum,Kinosternon subrubrum,Kinosternon,Kinosternidae,Testudines,Testudines,1,direct MOL match
Chrysemys picta,Chrysemys picta,Chrysemys picta,Chrysemys,Emydidae,Testudines,Testudines,1,direct MOL match
Apalone spinifera,Apalone spinifera,Apalone spinifera,Apalone,Trionychidae,Testudines,Testudines,1,direct MOL match
Pseudemys rubriventris,Pseudemys rubriventris,Pseudemys rubriventris,Pseudemys,Emydidae,Testudines,Testudines,1,direct MOL match
Trachemys scripta,Trachemys scripta,Trachemys scripta,Trachemys,Emydidae,Testudines,Testudines,1,direct MOL match
Clemmys guttata,Clemmys guttata,Clemmys guttata,Clemmys,Emydidae,Testudines,Testudines,1,direct MOL match
Clemmys insculpta,Glyptemys insculpta,Glyptemys insculpta,Glyptemys,Emydidae,Testudines,Testudines,1,direct MOL match
Eumeces fasciatus,Plestiodon fasciatus,Plestiodon fasciatus,Plestiodon,Scincidae,Squamata,Lepidosauria,1,direct MOL match
Scincella lateralis,Scincella lateralis,Scincella lateralis,Scincella,Scincidae,Squamata,Lepidosauria,1,direct MOL match
Sceloporus undulatus,Sceloporus undulatus,Sceloporus undulatus,Sceloporus,Phrynosomatidae,Squamata,Lepidosauria,1,direct MOL match
Elaphe obsoleta,Pantherophis obsoletus,Pantherophis obsoletus,Pantherophis,Colubridae,Squamata,Lepidosauria,1,direct MOL match
Elaphe guttata,Pantherophis guttatus,Pantherophis guttatus,Pantherophis,Colubridae,Squamata,Lepidosauria,1,direct MOL match
Thamnophis sirtalis,Thamnophis sirtalis,Thamnophis sirtalis,Thamnophis,Colubridae,Squamata,Lepidosauria,1,direct MOL match
Heterodon platyrhinos,Heterodon platirhinos,Heterodon platirhinos,Heterodon,Dipsadidae,Squamata,Lepidosauria,1,direct MOL match
Lampropeltis getula,Lampropeltis getula,Lampropeltis getula,Lampropeltis,Colubridae,Squamata,Lepidosauria,1,direct MOL match
Lampropeltis triangulum,Lampropeltis triangulum,Lampropeltis triangulum,Lampropeltis,Colubridae,Squamata,Lepidosauria,1,direct MOL match
Thamnophis sauritus,Thamnophis saurita,Thamnophis saurita,Thamnophis,Colubridae,Squamata,Lepidosauria,1,direct MOL match
Virginia valeriae,Virginia valeriae,Virginia valeriae,Virginia,Colubridae,Squamata,Lepidosauria,1,direct MOL match
Carphophis amoenus,Carphophis amoenus,Carphophis amoenus,Carphophis,Dipsadidae,Squamata,Lepidosauria,1,direct MOL match
Coluber constrictor,Coluber constrictor,Coluber constrictor,Coluber,Colubridae,Squamata,Lepidosauria,1,direct MOL match
Storeria dekayi,Storeria dekayi,Storeria dekayi,Storeria,Colubridae,Squamata,Lepidosauria,1,direct MOL match
Agkistrodon contortrix,Agkistrodon contortrix,Agkistrodon contortrix,Agkistrodon,Viperidae,Squamata,Lepidosauria,1,direct MOL match
Pituophis melanoleucus,Pituophis melanoleucus,Pituophis melanoleucus,Pituophis,Colubridae,Squamata,Lepidosauria,1,direct MOL match
Storeria occipitomaculata,Storeria occipitomaculata,Storeria occipitomaculata,Storeria,Colubridae,Squamata,Lepidosauria,1,direct MOL match
Diadophis punctatus,Diadophis punctatus,Diadophis punctatus,Diadophis,Dipsadidae,Squamata,Lepidosauria,1,direct MOL match
Cemophora coccinea,Cemophora coccinea,Cemophora coccinea,Cemophora,Colubridae,Squamata,Lepidosauria,1,direct MOL match
Nerodia sipedon,Nerodia sipedon,Nerodia sipedon,Nerodia,Colubridae,Squamata,Lepidosauria,1,direct MOL match
Regina septemvittata,Regina septemvittata,Regina septemvittata,Regina,Colubridae,Squamata,Lepidosauria,1,direct MOL match
Opheodrys aestivus,Opheodrys aestivus,Opheodrys aestivus,Opheodrys,Colubridae,Squamata,Lepidosauria,1,direct MOL match
Opheodrys vernalis,Opheodrys vernalis,Opheodrys vernalis,Opheodrys,Colubridae,Squamata,Lepidosauria,1,direct MOL match
Crotalus horridus,Crotalus horridus,Crotalus horridus,Crotalus,Viperidae,Squamata,Lepidosauria,1,direct MOL match
Ambystoma laterale,Ambystoma laterale,Ambystoma laterale,Ambystoma,Ambystomatidae,Caudata,Amphibia,1,direct MOL match
Pseudotriton montanus,Pseudotriton montanus,Pseudotriton montanus,Pseudotriton,Plethodontidae,Caudata,Amphibia,1,direct MOL match
Ambystoma tigrinum,Ambystoma tigrinum,Ambystoma tigrinum,Ambystoma,Ambystomatidae,Caudata,Amphibia,1,direct MOL match
Hemidactylium scutatum,Hemidactylium scutatum,Hemidactylium scutatum,Hemidactylium,Plethodontidae,Caudata,Amphibia,1,direct MOL match
Ambystoma jeffersonianum,Ambystoma jeffersonianum,Ambystoma jeffersonianum,Ambystoma,Ambystomatidae,Caudata,Amphibia,1,direct MOL match
Eurycea longicauda,Eurycea longicauda,Eurycea longicauda,Eurycea,Plethodontidae,Caudata,Amphibia,1,direct MOL match
Ambystoma opacum,Ambystoma opacum,Ambystoma opacum,Ambystoma,Ambystomatidae,Caudata,Amphibia,1,direct MOL match
Desmognathus ochrophaeus,Desmognathus ochrophaeus,Desmognathus ochrophaeus,Desmognathus,Plethodontidae,Caudata,Amphibia,1,direct MOL match
Desmognathus fuscus,Desmognathus fuscus,Desmognathus fuscus,Desmognathus,Plethodontidae,Caudata,Amphibia,1,direct MOL match
Pseudotriton ruber,Pseudotriton ruber,Pseudotriton ruber,Pseudotriton,Plethodontidae,Caudata,Amphibia,1,direct MOL match
Plethodon glutinosus,Plethodon glutinosus,Plethodon glutinosus,Plethodon,Plethodontidae,Caudata,Amphibia,1,direct MOL match
Gyrinophilus porphyriticus,Gyrinophilus porphyriticus,Gyrinophilus porphyriticus,Gyrinophilus,Plethodontidae,Caudata,Amphibia,1,direct MOL match
Eurycea bislineata,Eurycea bislineata,Eurycea bislineata,Eurycea,Plethodontidae,Caudata,Amphibia,1,direct MOL match
Plethodon cinereus,Plethodon cinereus,Plethodon cinereus,Plethodon,Plethodontidae,Caudata,Amphibia,1,direct MOL match
Notophthalmus viridescens,Notophthalmus viridescens,Notophthalmus viridescens,Notophthalmus,Salamandridae,Caudata,Amphibia,1,direct MOL match
Ambystoma maculatum,Ambystoma maculatum,Ambystoma maculatum,Ambystoma,Ambystomatidae,Caudata,Amphibia,1,direct MOL match
Bufo americanus,Anaxyrus americanus,Anaxyrus americanus,Anaxyrus,Bufonidae,Anura,Amphibia,1,direct MOL match
Rana catesbeiana,Aquarana catesbeiana,Lithobates catesbeianus,Aquarana,Ranidae,Anura,Amphibia,1,direct MOL match
Rana virgatipes,Lithobates virgatipes,Lithobates virgatipes,Lithobates,Ranidae,Anura,Amphibia,1,direct MOL match
Scaphiopus holbrookii,Scaphiopus holbrookii,Scaphiopus holbrookii,Scaphiopus,Pelobatidae,Anura,Amphibia,1,direct MOL match
Bufo woodhousii,Anaxyrus woodhousii,Anaxyrus woodhousii,Anaxyrus,Bufonidae,Anura,Amphibia,1,direct MOL match
Rana clamitans,Lithobates clamitans,Lithobates clamitans,Lithobates,Ranidae,Anura,Amphibia,1,direct MOL match
Pseudacris triseriata,Pseudacris triseriata,Pseudacris triseriata,Pseudacris,Hylidae,Anura,Amphibia,1,direct MOL match
Acris crepitans,Acris crepitans,Acris crepitans,Acris,Hylidae,Anura,Amphibia,1,direct MOL match
Hyla versicolor,Dryophytes versicolor,Dryophytes versicolor,Dryophytes,Hylidae,Anura,Amphibia,1,direct MOL match
Pseudacris crucifer,Pseudacris crucifer,Pseudacris crucifer,Pseudacris,Hylidae,Anura,Amphibia,1,direct MOL match
Rana palustris,Lithobates palustris,NA,Lithobates,Ranidae,Anura,Amphibia,1,direct MOL match
Hyla andersonii,Dryophytes andersonii,Dryophytes andersonii,Dryophytes,Hylidae,Anura,Amphibia,1,direct MOL match
Hyla chrysoscelis,Dryophytes chrysoscelis,Dryophytes chrysoscelis,Dryophytes,Hylidae,Anura,Amphibia,1,direct MOL match
Rana utricularia,Lithobates sphenocephalus,Lithobates sphenocephalus,Lithobates,Ranidae,Anura,Amphibia,1,direct MOL match
Rana sylvatica,Lithobates sylvaticus,Lithobates sylvaticus,Lithobates,Ranidae,Anura,Amphibia,1,direct MOL match
Gavia stellata,Gavia stellata,Gavia stellata,Gavia,Gaviidae,Gaviiformes,Aves,1,direct MOL match
Gavia immer,Gavia immer,Gavia immer,Gavia,Gaviidae,Gaviiformes,Aves,1,direct MOL match
Podilymbus podiceps,Podilymbus podiceps,Podilymbus podiceps,Podilymbus,Podicipedidae,Podicipediformes,Aves,1,direct MOL match
Podiceps auritus,Podiceps auritus,Podiceps auritus,Podiceps,Podicipedidae,Podicipediformes,Aves,1,direct MOL match
Podiceps grisegena,Podiceps grisegena,Podiceps grisegena,Podiceps,Podicipedidae,Podicipediformes,Aves,1,direct MOL match
Calonectris diomedea,Calonectris diomedea,Calonectris diomedea,Calonectris,Procellariidae,Procellariiformes,Aves,1,direct MOL match
Puffinus gravis,Ardenna gravis,Puffinus gravis,Ardenna,Procellariidae,Procellariiformes,Aves,1,direct MOL match
Puffinus griseus,Ardenna grisea,Puffinus griseus,Ardenna,Procellariidae,Procellariiformes,Aves,1,direct MOL match
Oceanites oceanicus,Oceanites oceanicus,Oceanites oceanicus,Oceanites,Hydrobatidae,Procellariiformes,Aves,1,direct MOL match
Oceanodroma leucorhoa,Oceanodroma leucorhoa,Oceanodroma leucorhoa,Oceanodroma,Hydrobatidae,Procellariiformes,Aves,1,direct MOL match
Morus bassanus,Morus bassanus,Morus bassanus,Morus,Sulidae,Suliformes,Aves,1,direct MOL match
Pelecanus occidentalis,Pelecanus occidentalis,Pelecanus occidentalis,Pelecanus,Pelecanidae,Pelecaniformes,Aves,1,direct MOL match
Phalacrocorax carbo,Phalacrocorax carbo,Phalacrocorax carbo,Phalacrocorax,Phalacrocoracidae,Suliformes,Aves,1,direct MOL match
Phalacrocorax auritus,Phalacrocorax auritus,Phalacrocorax auritus,Phalacrocorax,Phalacrocoracidae,Suliformes,Aves,1,direct MOL match
Ixobrychus exilis,Ixobrychus exilis,Ixobrychus exilis,Ixobrychus,Ardeidae,Pelecaniformes,Aves,1,direct MOL match
Ardea herodias,Ardea herodias,Ardea herodias,Ardea,Ardeidae,Pelecaniformes,Aves,1,direct MOL match
Casmerodius albus,Ardea alba,Ardea alba,Ardea,Ardeidae,Pelecaniformes,Aves,1,direct MOL match
Egretta thula,Egretta thula,Egretta thula,Egretta,Ardeidae,Pelecaniformes,Aves,1,direct MOL match
Egretta caerulea,Egretta caerulea,Egretta caerulea,Egretta,Ardeidae,Pelecaniformes,Aves,1,direct MOL match
Egretta tricolor,Egretta tricolor,Egretta tricolor,Egretta,Ardeidae,Pelecaniformes,Aves,1,direct MOL match
Bubulcus ibis,Bubulcus ibis,Bubulcus ibis,Bubulcus,Ardeidae,Pelecaniformes,Aves,1,direct MOL match
Butorides striatus,Butorides striata,Butorides striata,Butorides,Ardeidae,Pelecaniformes,Aves,1,direct MOL match
Nycticorax nycticorax,Nycticorax nycticorax,Nycticorax nycticorax,Nycticorax,Ardeidae,Pelecaniformes,Aves,1,direct MOL match
Plegadis falcinellus,Plegadis falcinellus,Plegadis falcinellus,Plegadis,Threskiornithidae,Pelecaniformes,Aves,1,direct MOL match
Dendrocygna bicolor,Dendrocygna bicolor,Dendrocygna bicolor,Dendrocygna,Anatidae,Anseriformes,Aves,1,direct MOL match
Cygnus columbianus,Cygnus columbianus,Cygnus columbianus,Cygnus,Anatidae,Anseriformes,Aves,1,direct MOL match
Cygnus olor,Cygnus olor,Cygnus olor,Cygnus,Anatidae,Anseriformes,Aves,1,direct MOL match
Chen caerulescens,Anser caerulescens,Anser caerulescens,Anser,Anatidae,Anseriformes,Aves,1,direct MOL match
Branta bernicla,Branta bernicla,Branta bernicla,Branta,Anatidae,Anseriformes,Aves,1,direct MOL match
Branta canadensis,Branta canadensis,Branta canadensis,Branta,Anatidae,Anseriformes,Aves,1,direct MOL match
Aix sponsa,Aix sponsa,Aix sponsa,Aix,Anatidae,Anseriformes,Aves,1,direct MOL match
Anas crecca,Anas crecca,Anas crecca,Anas,Anatidae,Anseriformes,Aves,1,direct MOL match
Anas rubripes,Anas rubripes,Anas rubripes,Anas,Anatidae,Anseriformes,Aves,1,direct MOL match
Anas platyrhynchos,Anas platyrhynchos,Anas platyrhynchos,Anas,Anatidae,Anseriformes,Aves,1,direct MOL match
Anas acuta,Anas acuta,Anas acuta,Anas,Anatidae,Anseriformes,Aves,1,direct MOL match
Anas discors,Spatula discors,Spatula discors,Spatula,Anatidae,Anseriformes,Aves,1,direct MOL match
Anas Strepera,Mareca strepera,NA,Mareca,Anatidae,Anseriformes,Aves,1,direct MOL match
Anas penelope,Mareca penelope,Mareca penelope,Mareca,Anatidae,Anseriformes,Aves,1,direct MOL match
Anas americana,Mareca americana,Mareca americana,Mareca,Anatidae,Anseriformes,Aves,1,direct MOL match
Aythya valisineria,Aythya valisineria,Aythya valisineria,Aythya,Anatidae,Anseriformes,Aves,1,direct MOL match
Aythya americana,Aythya americana,Aythya americana,Aythya,Anatidae,Anseriformes,Aves,1,direct MOL match
Aythya collaris,Aythya collaris,Aythya collaris,Aythya,Anatidae,Anseriformes,Aves,1,direct MOL match
Aythya marila,Aythya marila,Aythya marila,Aythya,Anatidae,Anseriformes,Aves,1,direct MOL match
Aythya affinis,Aythya affinis,Aythya affinis,Aythya,Anatidae,Anseriformes,Aves,1,direct MOL match
Somateria mollissima,Somateria mollissima,Somateria mollissima,Somateria,Anatidae,Anseriformes,Aves,1,direct MOL match
Somateria spectabilis,Somateria spectabilis,Somateria spectabilis,Somateria,Anatidae,Anseriformes,Aves,1,direct MOL match
Histrionicus histrionicus,Histrionicus histrionicus,Histrionicus histrionicus,Histrionicus,Anatidae,Anseriformes,Aves,1,direct MOL match
Clangula hyemalis,Clangula hyemalis,Clangula hyemalis,Clangula,Anatidae,Anseriformes,Aves,1,direct MOL match
Melanitta nigra,Melanitta nigra,Melanitta nigra,Melanitta,Anatidae,Anseriformes,Aves,1,direct MOL match
Melanitta perspicillata,Melanitta perspicillata,Melanitta perspicillata,Melanitta,Anatidae,Anseriformes,Aves,1,direct MOL match
Melanitta fusca,Melanitta fusca,Melanitta fusca,Melanitta,Anatidae,Anseriformes,Aves,1,direct MOL match
Bucephala clangula,Bucephala clangula,Bucephala clangula,Bucephala,Anatidae,Anseriformes,Aves,1,direct MOL match
Bucephala albeola,Bucephala albeola,Bucephala albeola,Bucephala,Anatidae,Anseriformes,Aves,1,direct MOL match
Lophodytes cucullatus,Lophodytes cucullatus,Lophodytes cucullatus,Lophodytes,Anatidae,Anseriformes,Aves,1,direct MOL match
Mergus merganser,Mergus merganser,Mergus merganser,Mergus,Anatidae,Anseriformes,Aves,1,direct MOL match
Mergus serrator,Mergus serrator,Mergus serrator,Mergus,Anatidae,Anseriformes,Aves,1,direct MOL match
Oxyura jamaicensis,Oxyura jamaicensis,Oxyura jamaicensis,Oxyura,Anatidae,Anseriformes,Aves,1,direct MOL match
Coragyps atratus,Coragyps atratus,Coragyps atratus,Coragyps,Cathartidae,Accipitriformes,Aves,1,direct MOL match
Cathartes aura,Cathartes aura,Cathartes aura,Cathartes,Cathartidae,Accipitriformes,Aves,1,direct MOL match
Pandion haliaetus,Pandion haliaetus,Pandion haliaetus,Pandion,Pandionidae,Accipitriformes,Aves,1,direct MOL match
Ictinia mississippiensis,Ictinia mississippiensis,Ictinia mississippiensis,Ictinia,Accipitridae,Accipitriformes,Aves,1,direct MOL match
Haliaeetus leucocephalus,Haliaeetus leucocephalus,Haliaeetus leucocephalus,Haliaeetus,Accipitridae,Accipitriformes,Aves,1,direct MOL match
Circus cyaneus,Circus cyaneus,Circus cyaneus,Circus,Accipitridae,Accipitriformes,Aves,1,direct MOL match
Accipiter striatus,Accipiter striatus,Accipiter striatus,Accipiter,Accipitridae,Accipitriformes,Aves,1,direct MOL match
Accipiter cooperii,Accipiter cooperii,Accipiter cooperii,Accipiter,Accipitridae,Accipitriformes,Aves,1,direct MOL match
Accipiter gentilis,Accipiter gentilis,Accipiter gentilis,Accipiter,Accipitridae,Accipitriformes,Aves,1,direct MOL match
Buteo lineatus,Buteo lineatus,Buteo lineatus,Buteo,Accipitridae,Accipitriformes,Aves,1,direct MOL match
Buteo platypterus,Buteo platypterus,Buteo platypterus,Buteo,Accipitridae,Accipitriformes,Aves,1,direct MOL match
Buteo jamaicensis,Buteo jamaicensis,Buteo jamaicensis,Buteo,Accipitridae,Accipitriformes,Aves,1,direct MOL match
Buteo lagopus,Buteo lagopus,Buteo lagopus,Buteo,Accipitridae,Accipitriformes,Aves,1,direct MOL match
Aquila chrysaetos,Aquila chrysaetos,Aquila chrysaetos,Aquila,Accipitridae,Accipitriformes,Aves,1,direct MOL match
Falco sparverius,Falco sparverius,Falco sparverius,Falco,Falconidae,Falconiformes,Aves,1,direct MOL match
Falco columbarius,Falco columbarius,Falco columbarius,Falco,Falconidae,Falconiformes,Aves,1,direct MOL match
Falco peregrinus,Falco peregrinus,Falco peregrinus,Falco,Falconidae,Falconiformes,Aves,1,direct MOL match
Phasianus colchicus,Phasianus colchicus,Phasianus colchicus,Phasianus,Phasianidae,Galliformes,Aves,1,direct MOL match
Bonasa umbellus,Bonasa umbellus,Bonasa umbellus,Bonasa,Phasianidae,Galliformes,Aves,1,direct MOL match
Meleagris gallopavo,Meleagris gallopavo,Meleagris gallopavo,Meleagris,Phasianidae,Galliformes,Aves,1,direct MOL match
Alectoris graeca,Alectoris graeca,Alectoris graeca,Alectoris,Phasianidae,Galliformes,Aves,1,direct MOL match
Colinus virginianus,Colinus virginianus,Colinus virginianus,Colinus,Odontophoridae,Galliformes,Aves,1,direct MOL match
Coturnicops noveboracensis,Coturnicops noveboracensis,Coturnicops noveboracensis,Coturnicops,Rallidae,Gruiformes,Aves,1,direct MOL match
Laterallus jamaicensis,Laterallus jamaicensis,Laterallus jamaicensis,Laterallus,Rallidae,Gruiformes,Aves,1,direct MOL match
Rallus longirostris,Rallus longirostris,Rallus longirostris,Rallus,Rallidae,Gruiformes,Aves,1,direct MOL match
Rallus elegans,Rallus elegans,Rallus elegans,Rallus,Rallidae,Gruiformes,Aves,1,direct MOL match
Porzana carolina,Porzana carolina,Porzana carolina,Porzana,Rallidae,Gruiformes,Aves,1,direct MOL match
Gallinula chloropus,Gallinula chloropus,Gallinula chloropus,Gallinula,Rallidae,Gruiformes,Aves,1,direct MOL match
Fulica americana,Fulica americana,Fulica americana,Fulica,Rallidae,Gruiformes,Aves,1,direct MOL match
Pluvialis squatarola,Pluvialis squatarola,Pluvialis squatarola,Pluvialis,Charadriidae,Charadriiformes,Aves,1,direct MOL match
Pluvialis dominica,Pluvialis dominica,Pluvialis dominica,Pluvialis,Charadriidae,Charadriiformes,Aves,1,direct MOL match
Charadrius semipalmatus,Charadrius semipalmatus,Charadrius semipalmatus,Charadrius,Charadriidae,Charadriiformes,Aves,1,direct MOL match
Charadrius melodus,Charadrius melodus,Charadrius melodus,Charadrius,Charadriidae,Charadriiformes,Aves,1,direct MOL match
Charadrius vociferus,Charadrius vociferus,Charadrius vociferus,Charadrius,Charadriidae,Charadriiformes,Aves,1,direct MOL match
Haematopus palliatus,Haematopus palliatus,Haematopus palliatus,Haematopus,Haematopodidae,Charadriiformes,Aves,1,direct MOL match
Himantopus mexicanus,Himantopus mexicanus,Himantopus mexicanus,Himantopus,Recurvirostridae,Charadriiformes,Aves,1,direct MOL match
Recurvirostra americana,Recurvirostra americana,Recurvirostra americana,Recurvirostra,Recurvirostridae,Charadriiformes,Aves,1,direct MOL match
tringa melanoleuca,Tringa melanoleuca,Tringa melanoleuca,Tringa,Scolopacidae,Charadriiformes,Aves,1,direct MOL match
tringa flavipes,Tringa flavipes,Tringa flavipes,Tringa,Scolopacidae,Charadriiformes,Aves,1,direct MOL match
tringa solitaria,Tringa solitaria,Tringa solitaria,Tringa,Scolopacidae,Charadriiformes,Aves,1,direct MOL match
Catoptrophorus semipalmatus,Tringa semipalmata,Tringa semipalmata,Tringa,Scolopacidae,Charadriiformes,Aves,1,direct MOL match
Actitis macularia,Actitis macularius,Actitis macularius,Actitis,Scolopacidae,Charadriiformes,Aves,1,direct MOL match
Bartramia longicauda,Bartramia longicauda,Bartramia longicauda,Bartramia,Scolopacidae,Charadriiformes,Aves,1,direct MOL match
Numenius phaeopus,Numenius phaeopus,Numenius phaeopus,Numenius,Scolopacidae,Charadriiformes,Aves,1,direct MOL match
Limosa haemastica,Limosa haemastica,Limosa haemastica,Limosa,Scolopacidae,Charadriiformes,Aves,1,direct MOL match
Limosa fedoa,Limosa fedoa,Limosa fedoa,Limosa,Scolopacidae,Charadriiformes,Aves,1,direct MOL match
Arenaria interpres,Arenaria interpres,Arenaria interpres,Arenaria,Scolopacidae,Charadriiformes,Aves,1,direct MOL match
Calidris canutus,Calidris canutus,Calidris canutus,Calidris,Scolopacidae,Charadriiformes,Aves,1,direct MOL match
Calidris alba,Calidris alba,Calidris alba,Calidris,Scolopacidae,Charadriiformes,Aves,1,direct MOL match
Calidris pusilla,Calidris pusilla,Calidris pusilla,Calidris,Scolopacidae,Charadriiformes,Aves,1,direct MOL match
Calidris mauri,Calidris mauri,Calidris mauri,Calidris,Scolopacidae,Charadriiformes,Aves,1,direct MOL match
Calidris minutilla,Calidris minutilla,Calidris minutilla,Calidris,Scolopacidae,Charadriiformes,Aves,1,direct MOL match
Calidris fuscicollis,Calidris fuscicollis,Calidris fuscicollis,Calidris,Scolopacidae,Charadriiformes,Aves,1,direct MOL match
Calidris bairdii,Calidris bairdii,Calidris bairdii,Calidris,Scolopacidae,Charadriiformes,Aves,1,direct MOL match
Calidris melanotos,Calidris melanotos,Calidris melanotos,Calidris,Scolopacidae,Charadriiformes,Aves,1,direct MOL match
Calidris maritima,Calidris maritima,Calidris maritima,Calidris,Scolopacidae,Charadriiformes,Aves,1,direct MOL match
Calidris alpina,Calidris alpina,Calidris alpina,Calidris,Scolopacidae,Charadriiformes,Aves,1,direct MOL match
Calidris ferruginea,Calidris ferruginea,Calidris ferruginea,Calidris,Scolopacidae,Charadriiformes,Aves,1,direct MOL match
Calidris himantopus,Calidris himantopus,Calidris himantopus,Calidris,Scolopacidae,Charadriiformes,Aves,1,direct MOL match
tryngites subruficollis,Calidris subruficollis,Calidris subruficollis,Calidris,Scolopacidae,Charadriiformes,Aves,1,direct MOL match
Philomachus pugnax,Calidris pugnax,Calidris pugnax,Calidris,Scolopacidae,Charadriiformes,Aves,1,direct MOL match
Limnodromus griseus,Limnodromus griseus,Limnodromus griseus,Limnodromus,Scolopacidae,Charadriiformes,Aves,1,direct MOL match
Limnodromus scolopaceus,Limnodromus scolopaceus,Limnodromus scolopaceus,Limnodromus,Scolopacidae,Charadriiformes,Aves,1,direct MOL match
Gallinago gallinago,Gallinago gallinago,Gallinago gallinago,Gallinago,Scolopacidae,Charadriiformes,Aves,1,direct MOL match
Phalaropus tricolor,Phalaropus tricolor,Phalaropus tricolor,Phalaropus,Scolopacidae,Charadriiformes,Aves,1,direct MOL match
Phalaropus lobatus,Phalaropus lobatus,Phalaropus lobatus,Phalaropus,Scolopacidae,Charadriiformes,Aves,1,direct MOL match
Stercorarius pomarinus,Stercorarius pomarinus,Stercorarius pomarinus,Stercorarius,Stercorariidae,Charadriiformes,Aves,1,direct MOL match
Stercorarius parasiticus,Stercorarius parasiticus,Stercorarius parasiticus,Stercorarius,Stercorariidae,Charadriiformes,Aves,1,direct MOL match
Stercorarius longicaudus,Stercorarius longicaudus,Stercorarius longicaudus,Stercorarius,Stercorariidae,Charadriiformes,Aves,1,direct MOL match
Larus atricilla,Leucophaeus atricilla,Leucophaeus atricilla,Leucophaeus,Laridae,Charadriiformes,Aves,1,direct MOL match
Larus minutus,Hydrocoloeus minutus,Hydrocoloeus minutus,Hydrocoloeus,Laridae,Charadriiformes,Aves,1,direct MOL match
Larus ridibundus,Chroicocephalus ridibundus,Chroicocephalus ridibundus,Chroicocephalus,Laridae,Charadriiformes,Aves,1,direct MOL match
Larus philadelphia,Larus philadelphia,Chroicocephalus philadelphia,Larus,Laridae,Charadriiformes,Aves,1,direct MOL match
Larus delawarensis,Larus delawarensis,Larus delawarensis,Larus,Laridae,Charadriiformes,Aves,1,direct MOL match
Larus argentatus,Larus argentatus,Larus argentatus,Larus,Laridae,Charadriiformes,Aves,1,direct MOL match
Larus glaucoides,Larus glaucoides,Larus glaucoides,Larus,Laridae,Charadriiformes,Aves,1,direct MOL match
Larus fuscus,Larus fuscus,Larus fuscus,Larus,Laridae,Charadriiformes,Aves,1,direct MOL match
Larus hyperboreus,Larus hyperboreus,Larus hyperboreus,Larus,Laridae,Charadriiformes,Aves,1,direct MOL match
Larus marinus,Larus marinus,Larus marinus,Larus,Laridae,Charadriiformes,Aves,1,direct MOL match
Rissa tridactyla,Rissa tridactyla,Rissa tridactyla,Rissa,Laridae,Charadriiformes,Aves,1,direct MOL match
Sterna nilotica,Gelochelidon nilotica,Gelochelidon nilotica,Gelochelidon,Laridae,Charadriiformes,Aves,1,direct MOL match
Sterna caspia,Hydroprogne caspia,Hydroprogne caspia,Hydroprogne,Laridae,Charadriiformes,Aves,1,direct MOL match
Sterna maxima,Thalasseus maximus,Thalasseus maximus,Thalasseus,Laridae,Charadriiformes,Aves,1,direct MOL match
Sterna dougallii,Sterna dougallii,Sterna dougallii,Sterna,Laridae,Charadriiformes,Aves,1,direct MOL match
Sterna hirundo,Sterna hirundo,Sterna hirundo,Sterna,Laridae,Charadriiformes,Aves,1,direct MOL match
Sterna forsteri,Sterna forsteri,Sterna forsteri,Sterna,Laridae,Charadriiformes,Aves,1,direct MOL match
Sterna antillarum,Sternula antillarum,Sternula antillarum,Sternula,Laridae,Charadriiformes,Aves,1,direct MOL match
Rynchops niger,Rynchops niger,Rynchops niger,Rynchops,Laridae,Charadriiformes,Aves,1,direct MOL match
Alle alle,Alle alle,Alle alle,Alle,Alcidae,Charadriiformes,Aves,1,direct MOL match
Uria lomvia,Uria lomvia,Uria lomvia,Uria,Alcidae,Charadriiformes,Aves,1,direct MOL match
Alca torda,Alca torda,Alca torda,Alca,Alcidae,Charadriiformes,Aves,1,direct MOL match
Columba livia,Columba livia,Columba livia,Columba,Columbidae,Columbiformes,Aves,1,direct MOL match
Zenaida macroura,Zenaida macroura,Zenaida macroura,Zenaida,Columbidae,Columbiformes,Aves,1,direct MOL match
Coccyzus erythropthalmus,Coccyzus erythropthalmus,Coccyzus erythropthalmus,Coccyzus,Coccyzidae,Cuculiformes,Aves,1,direct MOL match
Coccyzus americanus,Coccyzus americanus,Coccyzus americanus,Coccyzus,Coccyzidae,Cuculiformes,Aves,1,direct MOL match
Tyto alba,Tyto alba,Tyto alba,Tyto,Tytonidae,Strigiformes,Aves,1,direct MOL match
Otus asio,Megascops asio,Megascops asio,Megascops,Strigidae,Strigiformes,Aves,1,direct MOL match
Bubo virginianus,Bubo virginianus,Bubo virginianus,Bubo,Strigidae,Strigiformes,Aves,1,direct MOL match
Nyctea scandiaca,Bubo scandiacus,Bubo scandiacus,Bubo,Strigidae,Strigiformes,Aves,1,direct MOL match
Strix varia,Strix varia,Strix varia,Strix,Strigidae,Strigiformes,Aves,1,direct MOL match
Asio otus,Asio otus,Asio otus,Asio,Strigidae,Strigiformes,Aves,1,direct MOL match
Asio flammeus,Asio flammeus,Asio flammeus,Asio,Strigidae,Strigiformes,Aves,1,direct MOL match
Aegolius acadicus,Aegolius acadicus,Aegolius acadicus,Aegolius,Strigidae,Strigiformes,Aves,1,direct MOL match
Chordeiles minor,Chordeiles minor,Chordeiles minor,Chordeiles,Caprimulgidae,Caprimulgiformes,Aves,1,direct MOL match
Caprimulgus carolinensis,Antrostomus carolinensis,Antrostomus carolinensis,Antrostomus,Caprimulgidae,Caprimulgiformes,Aves,1,direct MOL match
Caprimulgus vociferus,Antrostomus vociferus,NA,Antrostomus,Caprimulgidae,Caprimulgiformes,Aves,1,direct MOL match
Chaetura pelagica,Chaetura pelagica,Chaetura pelagica,Chaetura,Apodidae,Apodiformes,Aves,1,direct MOL match
Archilochus colubris,Archilochus colubris,Archilochus colubris,Archilochus,Trochilidae,Apodiformes,Aves,1,direct MOL match
Ceryle alcyon,Megaceryle alcyon,Megaceryle alcyon,Megaceryle,Cerylidae,Coraciiformes,Aves,1,direct MOL match
Melanerpes erythrocephalus,Melanerpes erythrocephalus,Melanerpes erythrocephalus,Melanerpes,Picidae,Piciformes,Aves,1,direct MOL match
Melanerpes carolinus,Melanerpes carolinus,Melanerpes carolinus,Melanerpes,Picidae,Piciformes,Aves,1,direct MOL match
Sphyrapicus varius,Sphyrapicus varius,Sphyrapicus varius,Sphyrapicus,Picidae,Piciformes,Aves,1,direct MOL match
Picoides pubescens,Dryobates pubescens,Dryobates pubescens,Dryobates,Picidae,Piciformes,Aves,1,direct MOL match
Picoides villosus,Picoides villosus,Leuconotopicus villosus,Picoides,Picidae,Piciformes,Aves,1,direct MOL match
Colaptes auratus,Colaptes auratus,Colaptes auratus,Colaptes,Picidae,Piciformes,Aves,1,direct MOL match
Dryocopus pileatus,Dryocopus pileatus,Dryocopus pileatus,Dryocopus,Picidae,Piciformes,Aves,1,direct MOL match
Contopus virens,Contopus virens,Contopus virens,Contopus,Tyrannidae,Passeriformes,Aves,1,direct MOL match
Empidonax flaviventris,Empidonax flaviventris,Empidonax flaviventris,Empidonax,Tyrannidae,Passeriformes,Aves,1,direct MOL match
Empidonax virescens,Empidonax virescens,Empidonax virescens,Empidonax,Tyrannidae,Passeriformes,Aves,1,direct MOL match
Empidonax alnorum,Empidonax alnorum,Empidonax alnorum,Empidonax,Tyrannidae,Passeriformes,Aves,1,direct MOL match
Empidonax traillii,Empidonax traillii,Empidonax traillii,Empidonax,Tyrannidae,Passeriformes,Aves,1,direct MOL match
Empidonax minimus,Empidonax minimus,Empidonax minimus,Empidonax,Tyrannidae,Passeriformes,Aves,1,direct MOL match
Sayornis phoebe,Sayornis phoebe,Sayornis phoebe,Sayornis,Tyrannidae,Passeriformes,Aves,1,direct MOL match
Myiarchus crinitus,Myiarchus crinitus,Myiarchus crinitus,Myiarchus,Tyrannidae,Passeriformes,Aves,1,direct MOL match
Tyrannus verticalis,Tyrannus verticalis,Tyrannus verticalis,Tyrannus,Tyrannidae,Passeriformes,Aves,1,direct MOL match
Tyrannus Tyrannus,Tyrannus tyrannus,NA,Tyrannus,Tyrannidae,Passeriformes,Aves,1,direct MOL match
Eremophila alpestris,Eremophila alpestris,Eremophila alpestris,Eremophila,Alaudidae,Passeriformes,Aves,1,direct MOL match
Progne subis,Progne subis,Progne subis,Progne,Hirundinidae,Passeriformes,Aves,1,direct MOL match
Tachycineta bicolor,Tachycineta bicolor,Tachycineta bicolor,Tachycineta,Hirundinidae,Passeriformes,Aves,1,direct MOL match
Stelgidopteryx serripennis,Stelgidopteryx serripennis,Stelgidopteryx serripennis,Stelgidopteryx,Hirundinidae,Passeriformes,Aves,1,direct MOL match
Riparia riparia,Riparia riparia,Riparia riparia,Riparia,Hirundinidae,Passeriformes,Aves,1,direct MOL match
Hirundo pyrrhonota,Petrochelidon pyrrhonota,Petrochelidon pyrrhonota,Petrochelidon,Hirundinidae,Passeriformes,Aves,1,direct MOL match
Hirundo rustica,Hirundo rustica,Hirundo rustica,Hirundo,Hirundinidae,Passeriformes,Aves,1,direct MOL match
Cyanocitta cristata,Cyanocitta cristata,Cyanocitta cristata,Cyanocitta,Corvidae,Passeriformes,Aves,1,direct MOL match
Corvus brachyrhynchos,Corvus brachyrhynchos,Corvus brachyrhynchos,Corvus,Corvidae,Passeriformes,Aves,1,direct MOL match
Corvus ossifragus,Corvus ossifragus,Corvus ossifragus,Corvus,Corvidae,Passeriformes,Aves,1,direct MOL match
Corvus corax,Corvus corax,Corvus corax,Corvus,Corvidae,Passeriformes,Aves,1,direct MOL match
Parus carolinensis,Poecile carolinensis,Poecile carolinensis,Poecile,Paridae,Passeriformes,Aves,1,direct MOL match
Parus hudsonicus,Poecile hudsonicus,Poecile hudsonicus,Poecile,Paridae,Passeriformes,Aves,1,direct MOL match
Parus bicolor,Baeolophus bicolor,Baeolophus bicolor,Baeolophus,Paridae,Passeriformes,Aves,1,direct MOL match
Sitta canadensis,Sitta canadensis,Sitta canadensis,Sitta,Sittidae,Passeriformes,Aves,1,direct MOL match
Sitta carolinensis,Sitta carolinensis,Sitta carolinensis,Sitta,Sittidae,Passeriformes,Aves,1,direct MOL match
Certhia americana,Certhia americana,Certhia americana,Certhia,Certhiidae,Passeriformes,Aves,1,direct MOL match
Thryothorus ludovicianus,Thryothorus ludovicianus,Thryothorus ludovicianus,Thryothorus,Certhiidae,Passeriformes,Aves,1,direct MOL match
Troglodytes troglodytes,Troglodytes troglodytes,Troglodytes troglodytes,Troglodytes,Certhiidae,Passeriformes,Aves,1,direct MOL match
Cistothorus platensis,Cistothorus platensis,Cistothorus platensis,Cistothorus,Certhiidae,Passeriformes,Aves,1,direct MOL match
Cistothorus palustris,Cistothorus palustris,Cistothorus palustris,Cistothorus,Certhiidae,Passeriformes,Aves,1,direct MOL match
Regulus satrapa,Regulus satrapa,Regulus satrapa,Regulus,Regulidae,Passeriformes,Aves,1,direct MOL match
Regulus calendula,Regulus calendula,Regulus calendula,Regulus,Regulidae,Passeriformes,Aves,1,direct MOL match
Polioptila caerulea,Polioptila caerulea,Polioptila caerulea,Polioptila,Certhiidae,Passeriformes,Aves,1,direct MOL match
Sialia sialis,Sialia sialis,Sialia sialis,Sialia,Turdidae,Passeriformes,Aves,1,direct MOL match
Catharus fuscescens,Catharus fuscescens,Catharus fuscescens,Catharus,Turdidae,Passeriformes,Aves,1,direct MOL match
Catharus minimus,Catharus minimus,Catharus minimus,Catharus,Turdidae,Passeriformes,Aves,1,direct MOL match
Catharus ustulatus,Catharus ustulatus,Catharus ustulatus,Catharus,Turdidae,Passeriformes,Aves,1,direct MOL match
Catharus guttatus,Catharus guttatus,Catharus guttatus,Catharus,Turdidae,Passeriformes,Aves,1,direct MOL match
Hylocichla mustelina,Hylocichla mustelina,Hylocichla mustelina,Hylocichla,Turdidae,Passeriformes,Aves,1,direct MOL match
Turdus migratorius,Turdus migratorius,Turdus migratorius,Turdus,Turdidae,Passeriformes,Aves,1,direct MOL match
Dumetella carolinensis,Dumetella carolinensis,Dumetella carolinensis,Dumetella,Mimidae,Passeriformes,Aves,1,direct MOL match
Mimus polyglottos,Mimus polyglottos,Mimus polyglottos,Mimus,Mimidae,Passeriformes,Aves,1,direct MOL match
Toxostoma rufum,Toxostoma rufum,Toxostoma rufum,Toxostoma,Mimidae,Passeriformes,Aves,1,direct MOL match
Anthus rubescens,Anthus rubescens,Anthus rubescens,Anthus,Motacillidae,Passeriformes,Aves,1,direct MOL match
Bombycilla cedrorum,Bombycilla cedrorum,Bombycilla cedrorum,Bombycilla,Bombycillidae,Passeriformes,Aves,1,direct MOL match
Lanius excubitor,Lanius excubitor,Lanius excubitor,Lanius,Laniidae,Passeriformes,Aves,1,direct MOL match
Lanius ludovicianus,Lanius ludovicianus,Lanius ludovicianus,Lanius,Laniidae,Passeriformes,Aves,1,direct MOL match
Sturnus vulgaris,Sturnus vulgaris,Sturnus vulgaris,Sturnus,Sturnidae,Passeriformes,Aves,1,direct MOL match
Vireo griseus,Vireo griseus,Vireo griseus,Vireo,Vireonidae,Passeriformes,Aves,1,direct MOL match
Vireo solitarius,Vireo solitarius,Vireo solitarius,Vireo,Vireonidae,Passeriformes,Aves,1,direct MOL match
Vireo flavifrons,Vireo flavifrons,Vireo flavifrons,Vireo,Vireonidae,Passeriformes,Aves,1,direct MOL match
Vireo gilvus,Vireo gilvus,Vireo gilvus,Vireo,Vireonidae,Passeriformes,Aves,1,direct MOL match
Vireo philadelphicus,Vireo philadelphicus,Vireo philadelphicus,Vireo,Vireonidae,Passeriformes,Aves,1,direct MOL match
Vireo olivaceus,Vireo olivaceus,Vireo olivaceus,Vireo,Vireonidae,Passeriformes,Aves,1,direct MOL match
Vermivora pinus,Vermivora cyanoptera,Setophaga pinus,Vermivora,Parulidae,Passeriformes,Aves,1,direct MOL match
Vermivora chrysoptera,Vermivora chrysoptera,Vermivora chrysoptera,Vermivora,Parulidae,Passeriformes,Aves,1,direct MOL match
Vermivora peregrina,Leiothlypis peregrina,Leiothlypis peregrina,Leiothlypis,Parulidae,Passeriformes,Aves,1,direct MOL match
Vermivora celata,Leiothlypis celata,Leiothlypis celata,Leiothlypis,Parulidae,Passeriformes,Aves,1,direct MOL match
Parula americana,Setophaga americana,Setophaga americana,Setophaga,Parulidae,Passeriformes,Aves,1,direct MOL match
Dendroica petechia,Setophaga petechia,Setophaga petechia,Setophaga,Parulidae,Passeriformes,Aves,1,direct MOL match
Dendroica pensylvanica,Setophaga pensylvanica,Setophaga pensylvanica,Setophaga,Parulidae,Passeriformes,Aves,1,direct MOL match
Dendroica magnolia,Setophaga magnolia,Setophaga magnolia,Setophaga,Parulidae,Passeriformes,Aves,1,direct MOL match
Dendroica tigrina,Setophaga tigrina,Setophaga tigrina,Setophaga,Parulidae,Passeriformes,Aves,1,direct MOL match
Dendroica caerulescens,Setophaga caerulescens,Setophaga caerulescens,Setophaga,Parulidae,Passeriformes,Aves,1,direct MOL match
Dendroica coronata,Setophaga coronata,Setophaga coronata,Setophaga,Parulidae,Passeriformes,Aves,1,direct MOL match
Dendroica virens,Setophaga virens,Setophaga virens,Setophaga,Parulidae,Passeriformes,Aves,1,direct MOL match
Dendroica fusca,Setophaga fusca,Setophaga fusca,Setophaga,Parulidae,Passeriformes,Aves,1,direct MOL match
Dendroica dominica,Setophaga dominica,Setophaga dominica,Setophaga,Parulidae,Passeriformes,Aves,1,direct MOL match
Dendroica pinus,Setophaga pinus,Setophaga pinus,Setophaga,Parulidae,Passeriformes,Aves,1,direct MOL match
Dendroica discolor,Setophaga discolor,Setophaga discolor,Setophaga,Parulidae,Passeriformes,Aves,1,direct MOL match
Dendroica palmarum,Setophaga palmarum,Setophaga palmarum,Setophaga,Parulidae,Passeriformes,Aves,1,direct MOL match
Dendroica castanea,Setophaga castanea,Setophaga castanea,Setophaga,Parulidae,Passeriformes,Aves,1,direct MOL match
Dendroica striata,Setophaga striata,Setophaga striata,Setophaga,Parulidae,Passeriformes,Aves,1,direct MOL match
Dendroica cerulea,Setophaga cerulea,Setophaga cerulea,Setophaga,Parulidae,Passeriformes,Aves,1,direct MOL match
Mniotilta varia,Mniotilta varia,Mniotilta varia,Mniotilta,Parulidae,Passeriformes,Aves,1,direct MOL match
Setophaga ruticilla,Setophaga ruticilla,Setophaga ruticilla,Setophaga,Parulidae,Passeriformes,Aves,1,direct MOL match
Protonotaria citrea,Protonotaria citrea,Protonotaria citrea,Protonotaria,Parulidae,Passeriformes,Aves,1,direct MOL match
Helmitheros vermivorus,Helmitheros vermivorum,Helmitheros vermivorum,Helmitheros,Parulidae,Passeriformes,Aves,1,direct MOL match
Seiurus aurocapillus,Seiurus aurocapilla,Seiurus aurocapilla,Seiurus,Parulidae,Passeriformes,Aves,1,direct MOL match
Seiurus noveboracensis,Parkesia noveboracensis,Parkesia noveboracensis,Parkesia,Parulidae,Passeriformes,Aves,1,direct MOL match
Seiurus motacilla,Parkesia motacilla,Parkesia motacilla,Parkesia,Parulidae,Passeriformes,Aves,1,direct MOL match
Oporornis formosus,Geothlypis formosa,Geothlypis formosa,Geothlypis,Parulidae,Passeriformes,Aves,1,direct MOL match
Oporornis agilis,Oporornis agilis,Oporornis agilis,Oporornis,Parulidae,Passeriformes,Aves,1,direct MOL match
Oporornis philadelphia,Geothlypis philadelphia,Geothlypis philadelphia,Geothlypis,Parulidae,Passeriformes,Aves,1,direct MOL match
Geothlypis trichas,Geothlypis trichas,Geothlypis trichas,Geothlypis,Parulidae,Passeriformes,Aves,1,direct MOL match
Wilsonia citrina,Setophaga citrina,Setophaga citrina,Setophaga,Parulidae,Passeriformes,Aves,1,direct MOL match
Wilsonia pusilla,Cardellina pusilla,Cardellina pusilla,Cardellina,Parulidae,Passeriformes,Aves,1,direct MOL match
Wilsonia canadensis,Cardellina canadensis,Cardellina canadensis,Cardellina,Parulidae,Passeriformes,Aves,1,direct MOL match
Icteria virens,Icteria virens,Icteria virens,Icteria,Parulidae,Passeriformes,Aves,1,direct MOL match
Piranga rubra,Piranga rubra,Piranga rubra,Piranga,Cardinalidae,Passeriformes,Aves,1,direct MOL match
Piranga olivacea,Piranga olivacea,Piranga olivacea,Piranga,Cardinalidae,Passeriformes,Aves,1,direct MOL match
Cardinalis cardinalis,Cardinalis cardinalis,Cardinalis cardinalis,Cardinalis,Cardinalidae,Passeriformes,Aves,1,direct MOL match
Pheucticus ludovicianus,Pheucticus ludovicianus,Pheucticus ludovicianus,Pheucticus,Cardinalidae,Passeriformes,Aves,1,direct MOL match
Guiraca caerulea,Passerina caerulea,Passerina caerulea,Passerina,Cardinalidae,Passeriformes,Aves,1,direct MOL match
Passerina cyanea,Passerina cyanea,Passerina cyanea,Passerina,Cardinalidae,Passeriformes,Aves,1,direct MOL match
Spiza americana,Spiza americana,Spiza americana,Spiza,Cardinalidae,Passeriformes,Aves,1,direct MOL match
Pipilo erythrophthalmus,Pipilo erythrophthalmus,Pipilo erythrophthalmus,Pipilo,Passerellidae,Passeriformes,Aves,1,direct MOL match
Spizella arborea,Spizelloides arborea,Spizelloides arborea,Spizelloides,Passerellidae,Passeriformes,Aves,1,direct MOL match
Spizella passerina,Spizella passerina,Spizella passerina,Spizella,Passerellidae,Passeriformes,Aves,1,direct MOL match
Spizella pusilla,Spizella pusilla,Spizella pusilla,Spizella,Passerellidae,Passeriformes,Aves,1,direct MOL match
Pooecetes gramineus,Pooecetes gramineus,Pooecetes gramineus,Pooecetes,Passerellidae,Passeriformes,Aves,1,direct MOL match
Chondestes grammacus,Chondestes grammacus,Chondestes grammacus,Chondestes,Passerellidae,Passeriformes,Aves,1,direct MOL match
Passerculus sandwichensis,Passerculus sandwichensis,Passerculus sandwichensis,Passerculus,Passerellidae,Passeriformes,Aves,1,direct MOL match
Ammodramus savannarum,Ammodramus savannarum,Ammodramus savannarum,Ammodramus,Passerellidae,Passeriformes,Aves,1,direct MOL match
Ammodramus henslowii,Centronyx henslowii,Centronyx henslowii,Centronyx,Passerellidae,Passeriformes,Aves,1,direct MOL match
Ammodramus caudacutus,Ammospiza caudacuta,Ammospiza caudacuta,Ammospiza,Passerellidae,Passeriformes,Aves,1,direct MOL match
Ammodramus nelsoni,Ammodramus nelsoni,Ammospiza nelsoni,Ammodramus,Passerellidae,Passeriformes,Aves,1,direct MOL match
Passerella iliaca,Passerella iliaca,Passerella iliaca,Passerella,Passerellidae,Passeriformes,Aves,1,direct MOL match
Melospiza melodia,Melospiza melodia,Melospiza melodia,Melospiza,Passerellidae,Passeriformes,Aves,1,direct MOL match
Melospiza lincolnii,Melospiza lincolnii,Melospiza lincolnii,Melospiza,Passerellidae,Passeriformes,Aves,1,direct MOL match
Melospiza georgiana,Melospiza georgiana,Melospiza georgiana,Melospiza,Passerellidae,Passeriformes,Aves,1,direct MOL match
Zonotrichia albicollis,Zonotrichia albicollis,Zonotrichia albicollis,Zonotrichia,Passerellidae,Passeriformes,Aves,1,direct MOL match
Zonotrichia leucophrys,Zonotrichia leucophrys,Zonotrichia leucophrys,Zonotrichia,Passerellidae,Passeriformes,Aves,1,direct MOL match
Junco hyemalis,Junco hyemalis,Junco hyemalis,Junco,Passerellidae,Passeriformes,Aves,1,direct MOL match
Calcarius lapponicus,Calcarius lapponicus,Calcarius lapponicus,Calcarius,Fringillidae,Passeriformes,Aves,1,direct MOL match
Dolichonyx oryzivorus,Dolichonyx oryzivorus,Dolichonyx oryzivorus,Dolichonyx,Icteridae,Passeriformes,Aves,1,direct MOL match
Agelaius phoeniceus,Agelaius phoeniceus,Agelaius phoeniceus,Agelaius,Icteridae,Passeriformes,Aves,1,direct MOL match
Sturnella magna,Sturnella magna,Sturnella magna,Sturnella,Icteridae,Passeriformes,Aves,1,direct MOL match
Euphagus carolinus,Euphagus carolinus,Euphagus carolinus,Euphagus,Icteridae,Passeriformes,Aves,1,direct MOL match
Quiscalus major,Quiscalus major,Quiscalus major,Quiscalus,Icteridae,Passeriformes,Aves,1,direct MOL match
Quiscalus quiscula,Quiscalus quiscula,Quiscalus quiscula,Quiscalus,Icteridae,Passeriformes,Aves,1,direct MOL match
Molothrus ater,Molothrus ater,Molothrus ater,Molothrus,Icteridae,Passeriformes,Aves,1,direct MOL match
Icterus spurius,Icterus spurius,Icterus spurius,Icterus,Icteridae,Passeriformes,Aves,1,direct MOL match
Icterus galbula,Icterus galbula,Icterus galbula,Icterus,Icteridae,Passeriformes,Aves,1,direct MOL match
Pinicola enucleator,Pinicola enucleator,Pinicola enucleator,Pinicola,Fringillidae,Passeriformes,Aves,1,direct MOL match
Carpodacus purpureus,Haemorhous purpureus,Haemorhous purpureus,Haemorhous,Fringillidae,Passeriformes,Aves,1,direct MOL match
Carpodacus mexicanus,Haemorhous mexicanus,Haemorhous mexicanus,Haemorhous,Fringillidae,Passeriformes,Aves,1,direct MOL match
Loxia curvirostra,Loxia curvirostra,Loxia curvirostra,Loxia,Fringillidae,Passeriformes,Aves,1,direct MOL match
Loxia leucoptera,Loxia leucoptera,Loxia leucoptera,Loxia,Fringillidae,Passeriformes,Aves,1,direct MOL match
Carduelis flammea,Acanthis flammea,Acanthis flammea,Acanthis,Fringillidae,Passeriformes,Aves,1,direct MOL match
Carduelis pinus,Spinus pinus,Spinus pinus,Spinus,Fringillidae,Passeriformes,Aves,1,direct MOL match
Carduelis tristis,Spinus tristis,Spinus tristis,Spinus,Fringillidae,Passeriformes,Aves,1,direct MOL match
Passer domesticus,Passer domesticus,Passer domesticus,Passer,Passeridae,Passeriformes,Aves,1,direct MOL match
Alosa pseudoharengus,Alosa pseudoharengus,Alosa pseudoharengus,Alosa,Clupeidae,Clupeiformes,Actinopteri,1,direct MOL match
Lethenteron appendix,Lethenteron appendix,Lethenteron appendix,Lethenteron,Petromyzontidae,Petromyzontiformes,Hyperoartia,1,direct MOL match
Anguilla rostrata,Anguilla rostrata,Anguilla rostrata,Anguilla,Anguillidae,Anguilliformes,Actinopteri,1,direct MOL match
Alosa sapidissima,Alosa sapidissima,Alosa sapidissima,Alosa,Clupeidae,Clupeiformes,Actinopteri,1,direct MOL match
Monopterus albus,Monopterus albus,Monopterus albus,Monopterus,Synbranchidae,Synbranchiformes,Actinopteri,1,direct MOL match
Salmo salar,Salmo salar,Salmo salar,Salmo,Salmonidae,Salmoniformes,Actinopteri,1,direct MOL match
Acipenser oxyrinchus,Acipenser oxyrinchus,Acipenser oxyrinchus,Acipenser,Acipenseridae,Acipenseriformes,Actinopteri,1,direct MOL match
Fundulus diaphanus,Fundulus diaphanus,Fundulus diaphanus,Fundulus,Fundulidae,Cyprinodontiformes,Actinopteri,1,direct MOL match
Enneacanthus obesus,Enneacanthus obesus,Enneacanthus obesus,Enneacanthus,Centrarchidae,Centrarchiformes,Actinopteri,1,direct MOL match
Hypophthalmichthys nobilis,Hypophthalmichthys nobilis,Hypophthalmichthys nobilis,Hypophthalmichthys,Xenocyprididae,Cypriniformes,Actinopteri,1,direct MOL match
Ameiurus melas,Ameiurus melas,Ameiurus melas,Ameiurus,Ictaluridae,Siluriformes,Actinopteri,1,direct MOL match
Pomoxis nigromaculatus,Pomoxis nigromaculatus,Pomoxis nigromaculatus,Pomoxis,Centrarchidae,Centrarchiformes,Actinopteri,1,direct MOL match
Enneacanthus chaetodon,Enneacanthus chaetodon,Enneacanthus chaetodon,Enneacanthus,Centrarchidae,Centrarchiformes,Actinopteri,1,direct MOL match
Rhinichthys atratulus,Rhinichthys atratulus,Rhinichthys atratulus,Rhinichthys,Leuciscidae,Cypriniformes,Actinopteri,1,direct MOL match
Alosa aestivalis,Alosa aestivalis,Alosa aestivalis,Alosa,Clupeidae,Clupeiformes,Actinopteri,1,direct MOL match
Lepomis macrochirus,Lepomis macrochirus,Lepomis macrochirus,Lepomis,Centrarchidae,Centrarchiformes,Actinopteri,1,direct MOL match
Enneacanthus gloriosus,Enneacanthus gloriosus,Enneacanthus gloriosus,Enneacanthus,Centrarchidae,Centrarchiformes,Actinopteri,1,direct MOL match
Amia calva,Amia calva,Amia calva,Amia,Amiidae,Amiiformes,Actinopteri,1,direct MOL match
Notropis bifrenatus,Notropis bifrenatus,Notropis bifrenatus,Notropis,Leuciscidae,Cypriniformes,Actinopteri,1,direct MOL match
Culaea inconstans,Culaea inconstans,Culaea inconstans,Culaea,Gasterosteidae,Perciformes,Actinopteri,1,direct MOL match
Salvelinus fontinalis,Salvelinus fontinalis,Salvelinus fontinalis,Salvelinus,Salmonidae,Salmoniformes,Actinopteri,1,direct MOL match
Ameiurus nebulosus,Ameiurus nebulosus,Ameiurus nebulosus,Ameiurus,Ictaluridae,Siluriformes,Actinopteri,1,direct MOL match
Salmo trutta,Salmo trutta,Salmo trutta,Salmo,Salmonidae,Salmoniformes,Actinopteri,1,direct MOL match
Esox niger,Esox niger,Esox niger,Esox,Esocidae,Esociformes,Actinopteri,1,direct MOL match
Ictalurus punctatus,Ictalurus punctatus,Ictalurus punctatus,Ictalurus,Ictaluridae,Siluriformes,Actinopteri,1,direct MOL match
Notropis amoenus,Notropis amoenus,Notropis amoenus,Notropis,Leuciscidae,Cypriniformes,Actinopteri,1,direct MOL match
Cyprinus carpio,Cyprinus carpio,Cyprinus carpio,Cyprinus,Cyprinidae,Cypriniformes,Actinopteri,1,direct MOL match
Luxilus cornutus,Luxilus cornutus,Luxilus cornutus,Luxilus,Leuciscidae,Cypriniformes,Actinopteri,1,direct MOL match
Semotilus atromaculatus,Semotilus atromaculatus,Semotilus atromaculatus,Semotilus,Leuciscidae,Cypriniformes,Actinopteri,1,direct MOL match
Erimyzon oblongus,Erimyzon oblongus,Erimyzon oblongus,Erimyzon,Catostomidae,Cypriniformes,Actinopteri,1,direct MOL match
Exoglossum maxillingua,Exoglossum maxillingua,Exoglossum maxillingua,Exoglossum,Leuciscidae,Cypriniformes,Actinopteri,1,direct MOL match
Gambusia holbrooki,Gambusia holbrooki,Gambusia holbrooki,Gambusia,Poeciliidae,Cyprinodontiformes,Actinopteri,1,direct MOL match
Umbra pygmaea,Umbra pygmaea,Umbra pygmaea,Umbra,Umbridae,Esociformes,Actinopteri,1,direct MOL match
Hybognathus regius,Hybognathus regius,Hybognathus regius,Hybognathus,Leuciscidae,Cypriniformes,Actinopteri,1,direct MOL match
Semotilus corporalis,Semotilus corporalis,Semotilus corporalis,Semotilus,Leuciscidae,Cypriniformes,Actinopteri,1,direct MOL match
Pimephales promelas,Pimephales promelas,Pimephales promelas,Pimephales,Leuciscidae,Cypriniformes,Actinopteri,1,direct MOL match
Pylodictis olivaris,Pylodictis olivaris,Pylodictis olivaris,Pylodictis,Ictaluridae,Siluriformes,Actinopteri,1,direct MOL match
Dorosoma cepedianum,Dorosoma cepedianum,Dorosoma cepedianum,Dorosoma,Clupeidae,Clupeiformes,Actinopteri,1,direct MOL match
Notemigonus crysoleucas,Notemigonus crysoleucas,Notemigonus crysoleucas,Notemigonus,Leuciscidae,Cypriniformes,Actinopteri,1,direct MOL match
Carassius auratus,Carassius auratus,Carassius auratus,Carassius,Cyprinidae,Cypriniformes,Actinopteri,1,direct MOL match
Ctenopharyngodon idella,Ctenopharyngodon idella,Ctenopharyngodon idella,Ctenopharyngodon,Xenocyprididae,Cypriniformes,Actinopteri,1,direct MOL match
Lepomis cyanellus,Lepomis cyanellus,Lepomis cyanellus,Lepomis,Centrarchidae,Centrarchiformes,Actinopteri,1,direct MOL match
Alosa mediocris,Alosa mediocris,Alosa mediocris,Alosa,Clupeidae,Clupeiformes,Actinopteri,1,direct MOL match
Trinectes maculatus,Trinectes maculatus,Trinectes maculatus,Trinectes,Achiridae,Pleuronectiformes,Actinopteri,1,direct MOL match
Morone saxatilis x M. chrysops,NA,NA,NA,NA,NA,NA,0,NA
Notropis chalybaeus,Notropis chalybaeus,Notropis chalybaeus,Notropis,Leuciscidae,Cypriniformes,Actinopteri,1,direct MOL match
Salvelinus namaycush,Salvelinus namaycush,Salvelinus namaycush,Salvelinus,Salmonidae,Salmoniformes,Actinopteri,1,direct MOL match
Micropterus salmoides,Micropterus salmoides,Micropterus salmoides,Micropterus,Centrarchidae,Centrarchiformes,Actinopteri,1,direct MOL match
Rhinichthys cataractae,Rhinichthys cataractae,Rhinichthys cataractae,Rhinichthys,Leuciscidae,Cypriniformes,Actinopteri,1,direct MOL match
Lepisosteus osseus,Lepisosteus osseus,Lepisosteus osseus,Lepisosteus,Lepisosteidae,Semionotiformes,Actinopteri,1,direct MOL match
Noturus insignis,Noturus insignis,Noturus insignis,Noturus,Ictaluridae,Siluriformes,Actinopteri,1,direct MOL match
Acantharchus pomotis,Acantharchus pomotis,Acantharchus pomotis,Acantharchus,Centrarchidae,Centrarchiformes,Actinopteri,1,direct MOL match
Fundulus heteroclitus,Fundulus heteroclitus,Fundulus heteroclitus,Fundulus,Fundulidae,Cyprinodontiformes,Actinopteri,1,direct MOL match
Esox masquinongy,Esox masquinongy,Esox masquinongy,Esox,Esocidae,Esociformes,Actinopteri,1,direct MOL match
Hypentelium nigricans,Hypentelium nigricans,Hypentelium nigricans,Hypentelium,Catostomidae,Cypriniformes,Actinopteri,1,direct MOL match
Esox lucius,Esox lucius,Esox lucius,Esox,Esocidae,Esociformes,Actinopteri,1,direct MOL match
Channa Argus,Channa argus,NA,Channa,Channidae,Anabantiformes,Actinopteri,1,direct MOL match
Misgurnus anguillicaudatus,Misgurnus anguillicaudatus,Misgurnus anguillicaudatus,Misgurnus,Cobitidae,Cypriniformes,Actinopteri,1,direct MOL match
Aphredoderus sayanus,Aphredoderus sayanus,Aphredoderus sayanus,Aphredoderus,Aphredoderidae,Percopsiformes,Actinopteri,1,direct MOL match
Lepomis gibbosus,Lepomis gibbosus,Lepomis gibbosus,Lepomis,Centrarchidae,Centrarchiformes,Actinopteri,1,direct MOL match
Carpiodes cyprinus,Carpiodes cyprinus,Carpiodes cyprinus,Carpiodes,Catostomidae,Cypriniformes,Actinopteri,1,direct MOL match
Osmerus mordax,Osmerus mordax,Osmerus mordax,Osmerus,Osmeridae,Osmeriformes,Actinopteri,1,direct MOL match
Oncorhynchus mykiss,Oncorhynchus mykiss,Oncorhynchus mykiss,Oncorhynchus,Salmonidae,Salmoniformes,Actinopteri,1,direct MOL match
Lepomis auritus,Lepomis auritus,Lepomis auritus,Lepomis,Centrarchidae,Centrarchiformes,Actinopteri,1,direct MOL match
Esox americanus,Esox americanus,Esox americanus,Esox,Esocidae,Esociformes,Actinopteri,1,direct MOL match
Ambloplites rupestris,Ambloplites rupestris,Ambloplites rupestris,Ambloplites,Centrarchidae,Centrarchiformes,Actinopteri,1,direct MOL match
Cyprinella analostana,Cyprinella analostana,Cyprinella analostana,Cyprinella,Leuciscidae,Cypriniformes,Actinopteri,1,direct MOL match
Petromyzon marinus,Petromyzon marinus,Petromyzon marinus,Petromyzon,Petromyzontidae,Petromyzontiformes,Hyperoartia,1,direct MOL match
Percina peltata,Percina peltata,Percina peltata,Percina,Percidae,Perciformes,Actinopteri,1,direct MOL match
Acipenser brevirostrum,Acipenser brevirostrum,Acipenser brevirostrum,Acipenser,Acipenseridae,Acipenseriformes,Actinopteri,1,direct MOL match
Cottus cognatus,Cottus cognatus,Cottus cognatus,Cottus,Cottidae,Perciformes,Actinopteri,1,direct MOL match
Micropterus dolomieu,Micropterus dolomieu,Micropterus dolomieu,Micropterus,Centrarchidae,Centrarchiformes,Actinopteri,1,direct MOL match
Cyprinella spiloptera,Cyprinella spiloptera,Cyprinella spiloptera,Cyprinella,Leuciscidae,Cypriniformes,Actinopteri,1,direct MOL match
Notropis hudsonius,Notropis hudsonius,Notropis hudsonius,Notropis,Leuciscidae,Cypriniformes,Actinopteri,1,direct MOL match
Morone saxatilis,Morone saxatilis,Morone saxatilis,Morone,Moronidae,Perciformes,Actinopteri,1,direct MOL match
Notropis procne,Notropis procne,Notropis procne,Notropis,Leuciscidae,Cypriniformes,Actinopteri,1,direct MOL match
Etheostoma fusiforme,Etheostoma fusiforme,Etheostoma fusiforme,Etheostoma,Percidae,Perciformes,Actinopteri,1,direct MOL match
Noturus gyrinus,Noturus gyrinus,Noturus gyrinus,Noturus,Ictaluridae,Siluriformes,Actinopteri,1,direct MOL match
Etheostoma olmstedi,Etheostoma olmstedi,Etheostoma olmstedi,Etheostoma,Percidae,Perciformes,Actinopteri,1,direct MOL match
Esox masquinongy x E. lucius,NA,NA,NA,NA,NA,NA,0,NA
Salmo trutta x Salvelinus fontinalis,Salmo trutta x Salvelinus fontinalis,NA,NA,Salmonidae,Salmoniformes,Actinopteri,1,direct MOL match
Sander vitreus,Sander vitreus,Sander vitreus,Sander,Percidae,Perciformes,Actinopteri,1,direct MOL match
Lepomis gulosus,Lepomis gulosus,Lepomis gulosus,Lepomis,Centrarchidae,Centrarchiformes,Actinopteri,1,direct MOL match
Gambusia affinis,Gambusia affinis,Gambusia affinis,Gambusia,Poeciliidae,Cyprinodontiformes,Actinopteri,1,direct MOL match
Ameiurus catus,Ameiurus catus,Ameiurus catus,Ameiurus,Ictaluridae,Siluriformes,Actinopteri,1,direct MOL match
Pomoxis annularis,Pomoxis annularis,Pomoxis annularis,Pomoxis,Centrarchidae,Centrarchiformes,Actinopteri,1,direct MOL match
Morone americana,Morone americana,Morone americana,Morone,Moronidae,Perciformes,Actinopteri,1,direct MOL match
Catostomus commersonii,Catostomus commersonii,Catostomus commersonii,Catostomus,Catostomidae,Cypriniformes,Actinopteri,1,direct MOL match
Ameiurus natalis,Ameiurus natalis,Ameiurus natalis,Ameiurus,Ictaluridae,Siluriformes,Actinopteri,1,direct MOL match
Perca flavescens,Perca flavescens,Perca flavescens,Perca,Percidae,Perciformes,Actinopteri,1,direct MOL match
Didelphis marsupialis,Didelphis marsupialis,Didelphis marsupialis,Didelphis,Didelphidae,Didelphimorphia,Mammalia,1,direct MOL match
Sorex cinereus,Sorex cinereus,Sorex cinereus,Sorex,Soricidae,Eulipotyphla,Mammalia,1,direct MOL match
Sorex palustris,Sorex palustris,Sorex palustris,Sorex,Soricidae,Eulipotyphla,Mammalia,1,direct MOL match
Sorex fumeus,Sorex fumeus,Sorex fumeus,Sorex,Soricidae,Eulipotyphla,Mammalia,1,direct MOL match
Sorex dispar,Sorex dispar,Sorex dispar,Sorex,Soricidae,Eulipotyphla,Mammalia,1,direct MOL match
Blarina brevicauda,Blarina brevicauda,Blarina brevicauda,Blarina,Soricidae,Eulipotyphla,Mammalia,1,direct MOL match
Parascalops breweri,Parascalops breweri,Parascalops breweri,Parascalops,Talpidae,Eulipotyphla,Mammalia,1,direct MOL match
Scalopus aquaticus,Scalopus aquaticus,Scalopus aquaticus,Scalopus,Talpidae,Eulipotyphla,Mammalia,1,direct MOL match
Condylura cristata,Condylura cristata,Condylura cristata,Condylura,Talpidae,Eulipotyphla,Mammalia,1,direct MOL match
Myotis lucifugus,Myotis lucifugus,Myotis lucifugus,Myotis,Vespertilionidae,Chiroptera,Mammalia,1,direct MOL match
Myotis sodalis,Myotis sodalis,Myotis sodalis,Myotis,Vespertilionidae,Chiroptera,Mammalia,1,direct MOL match
Myotis septentrionalis,Myotis septentrionalis,Myotis septentrionalis,Myotis,Vespertilionidae,Chiroptera,Mammalia,1,direct MOL match
Myotis leibii,Myotis leibii,Myotis leibii,Myotis,Vespertilionidae,Chiroptera,Mammalia,1,direct MOL match
Lasionycteris noctivagans,Lasionycteris noctivagans,Lasionycteris noctivagans,Lasionycteris,Vespertilionidae,Chiroptera,Mammalia,1,direct MOL match
Pipistrellus subflavus,Perimyotis subflavus,Perimyotis subflavus,Perimyotis,Vespertilionidae,Chiroptera,Mammalia,1,direct MOL match
Eptesicus fuscus,Eptesicus fuscus,Eptesicus fuscus,Eptesicus,Vespertilionidae,Chiroptera,Mammalia,1,direct MOL match
Lasiurus borealis,Lasiurus borealis,Lasiurus borealis,Lasiurus,Vespertilionidae,Chiroptera,Mammalia,1,direct MOL match
Lasiurus intermedius,Dasypterus intermedius,Dasypterus intermedius,Dasypterus,Vespertilionidae,Chiroptera,Mammalia,1,direct MOL match
Lasiurus cinereus,Aeorestes cinereus,Aeorestes cinereus,Aeorestes,Vespertilionidae,Chiroptera,Mammalia,1,direct MOL match
Sylvilagus floridanus,Sylvilagus floridanus,Sylvilagus floridanus,Sylvilagus,Leporidae,Lagomorpha,Mammalia,1,direct MOL match
Sylvilagus transitionalis,Sylvilagus transitionalis,Sylvilagus transitionalis,Sylvilagus,Leporidae,Lagomorpha,Mammalia,1,direct MOL match
Lepus capensis,Lepus capensis,Lepus capensis,Lepus,Leporidae,Lagomorpha,Mammalia,1,direct MOL match
Lepus californicus,Lepus californicus,Lepus californicus,Lepus,Leporidae,Lagomorpha,Mammalia,1,direct MOL match
Lepus townsendii,Lepus townsendii,Lepus townsendii,Lepus,Leporidae,Lagomorpha,Mammalia,1,direct MOL match
Tamias striatus,Tamias striatus,Tamias striatus,Tamias,Sciuridae,Rodentia,Mammalia,1,direct MOL match
Marmota monax,Marmota monax,Marmota monax,Marmota,Sciuridae,Rodentia,Mammalia,1,direct MOL match
Sciurus carolinensis,Sciurus carolinensis,Sciurus carolinensis,Sciurus,Sciuridae,Rodentia,Mammalia,1,direct MOL match
Tamiasciurus hudsonicus,Tamiasciurus hudsonicus,Tamiasciurus hudsonicus,Tamiasciurus,Sciuridae,Rodentia,Mammalia,1,direct MOL match
Glaucomys volans,Glaucomys volans,Glaucomys volans,Glaucomys,Sciuridae,Rodentia,Mammalia,1,direct MOL match
Glaucomys sabrinus,Glaucomys sabrinus,Glaucomys sabrinus,Glaucomys,Sciuridae,Rodentia,Mammalia,1,direct MOL match
Myocastor coypus,Myocastor coypus,Myocastor coypus,Myocastor,Myocastoridae,Rodentia,Mammalia,1,direct MOL match
Oryzomys palustris,Oryzomys palustris,Oryzomys palustris,Oryzomys,Cricetidae,Rodentia,Mammalia,1,direct MOL match
Peromyscus leucopus,Peromyscus leucopus,Peromyscus leucopus,Peromyscus,Cricetidae,Rodentia,Mammalia,1,direct MOL match
Neotoma floridana,Neotoma floridana,Neotoma floridana,Neotoma,Cricetidae,Rodentia,Mammalia,1,direct MOL match
Clethrionomys gapperi,Clethrionomys gapperi,Myodes gapperi,Clethrionomys,Cricetidae,Rodentia,Mammalia,1,direct MOL match
Microtus pennsylvanicus,Microtus pennsylvanicus,Microtus pennsylvanicus,Microtus,Cricetidae,Rodentia,Mammalia,1,direct MOL match
Microtus pinetorum,Microtus pinetorum,Microtus pinetorum,Microtus,Cricetidae,Rodentia,Mammalia,1,direct MOL match
Ondatra zibethicus,Ondatra zibethicus,Ondatra zibethicus,Ondatra,Cricetidae,Rodentia,Mammalia,1,direct MOL match
Synaptomys cooperi,Synaptomys cooperi,Synaptomys cooperi,Synaptomys,Cricetidae,Rodentia,Mammalia,1,direct MOL match
Rattus rattus,Rattus rattus,Rattus rattus,Rattus,Muridae,Rodentia,Mammalia,1,direct MOL match
Rattus norvegicus,Rattus norvegicus,Rattus norvegicus,Rattus,Muridae,Rodentia,Mammalia,1,direct MOL match
Mus musculus,Mus musculus,Mus musculus,Mus,Muridae,Rodentia,Mammalia,1,direct MOL match
Napaeozapus insignis,Napaeozapus insignis,Napaeozapus insignis,Napaeozapus,Dipodidae,Rodentia,Mammalia,1,direct MOL match
Zapus hudsonius,Zapus hudsonius,Zapus hudsonius,Zapus,Dipodidae,Rodentia,Mammalia,1,direct MOL match
Erethizon dorsatum,Erethizon dorsatum,Erethizon dorsatus,Erethizon,Erethizontidae,Rodentia,Mammalia,1,direct MOL match
Vulpes vulpes,Vulpes vulpes,Vulpes vulpes,Vulpes,Canidae,Carnivora,Mammalia,1,direct MOL match
Urocyon cinereoargenteus,Urocyon cinereoargenteus,Urocyon cinereoargenteus,Urocyon,Canidae,Carnivora,Mammalia,1,direct MOL match
Ursus americanus,Ursus americanus,Ursus americanus,Ursus,Ursidae,Carnivora,Mammalia,1,direct MOL match
Procyon lotor,Procyon lotor,Procyon lotor,Procyon,Procyonidae,Carnivora,Mammalia,1,direct MOL match
Mustela erminea,Mustela erminea,Mustela erminea,Mustela,Mustelidae,Carnivora,Mammalia,1,direct MOL match
Mustela frenata,Mustela frenata,Mustela frenata,Mustela,Mustelidae,Carnivora,Mammalia,1,direct MOL match
Mustela vison,Neogale vison,Mustela vison,Neogale,Mustelidae,Carnivora,Mammalia,1,direct MOL match
Mephitis mephitis,Mephitis mephitis,Mephitis mephitis,Mephitis,Mephitidae,Carnivora,Mammalia,1,direct MOL match
Lutra canadensis,Lontra canadensis,Lontra canadensis,Lontra,Mustelidae,Carnivora,Mammalia,1,direct MOL match
Felis rufus,Lynx rufus,Lynx rufus,Lynx,Felidae,Carnivora,Mammalia,1,direct MOL match
Odocoileus virginianus,Odocoileus virginianus,Odocoileus virginianus,Odocoileus,Cervidae,Artiodactyla,Mammalia,1,direct MOL match
Phoca vitulina,Phoca vitulina,Phoca vitulina,Phoca,Phocidae,Carnivora,Mammalia,1,direct MOL match
Halichoerus grypus,Halichoerus grypus,Halichoerus grypus,Halichoerus,Phocidae,Carnivora,Mammalia,1,direct MOL match
Cystophora cristata,Cystophora cristata,Cystophora cristata,Cystophora,Phocidae,Carnivora,Mammalia,1,direct MOL match
Ziphius cavirostris,Ziphius cavirostris,Ziphius cavirostris,Ziphius,Ziphiidae,Artiodactyla,Mammalia,1,direct MOL match
Mesoplodon densirostris,Mesoplodon densirostris,Mesoplodon densirostris,Mesoplodon,Ziphiidae,Artiodactyla,Mammalia,1,direct MOL match
Mesoplodon europaeus,Mesoplodon europaeus,Mesoplodon europaeus,Mesoplodon,Ziphiidae,Artiodactyla,Mammalia,1,direct MOL match
Mesoplodon mirus,Mesoplodon mirus,Mesoplodon mirus,Mesoplodon,Ziphiidae,Artiodactyla,Mammalia,1,direct MOL match
Physeter macrocephalus,Physeter catodon,Physeter macrocephalus,Physeter,Physeteridae,Artiodactyla,Mammalia,1,direct MOL match
Kogia breviceps,Kogia breviceps,Kogia breviceps,Kogia,Physeteridae,Artiodactyla,Mammalia,1,direct MOL match
Kogia simus,Kogia sima,Kogia sima,Kogia,Physeteridae,Artiodactyla,Mammalia,1,direct MOL match
Delphinapterus leucas,Delphinapterus leucas,Delphinapterus leucas,Delphinapterus,Monodontidae,Artiodactyla,Mammalia,1,direct MOL match
Stenella frontalis,Stenella frontalis,Stenella frontalis,Stenella,Delphinidae,Artiodactyla,Mammalia,1,direct MOL match
Stenella plagiodon,Stenella plagiodon,Stenella frontalis,Stenella,Delphinidae,Artiodactyla,Mammalia,1,direct MOL match
Stenella coeruleoalba,Stenella coeruleoalba,Stenella coeruleoalba,Stenella,Delphinidae,Artiodactyla,Mammalia,1,direct MOL match
Delphinus delphis,Delphinus delphis,Delphinus delphis,Delphinus,Delphinidae,Artiodactyla,Mammalia,1,direct MOL match
Tursiops truncatus,Tursiops truncatus,Tursiops truncatus,Tursiops,Delphinidae,Artiodactyla,Mammalia,1,direct MOL match
Orcinus orca,Orcinus orca,Orcinus orca,Orcinus,Delphinidae,Artiodactyla,Mammalia,1,direct MOL match
Grampus griseus,Grampus griseus,Grampus griseus,Grampus,Delphinidae,Artiodactyla,Mammalia,1,direct MOL match
Globicephala melaena,Globicephala melas,Globicephala melas,Globicephala,Delphinidae,Artiodactyla,Mammalia,1,direct MOL match
Phocoena phocoena,Phocoena phocoena,Phocoena phocoena,Phocoena,Phocoenidae,Artiodactyla,Mammalia,1,direct MOL match
Balaenoptera physalus,Balaenoptera physalus,Balaenoptera physalus,Balaenoptera,Balaenopteridae,Artiodactyla,Mammalia,1,direct MOL match
Balaenoptera borealis,Balaenoptera borealis,Balaenoptera borealis,Balaenoptera,Balaenopteridae,Artiodactyla,Mammalia,1,direct MOL match
Balaenoptera acutorostrata,Balaenoptera acutorostrata,Balaenoptera acutorostrata,Balaenoptera,Balaenopteridae,Artiodactyla,Mammalia,1,direct MOL match
Balaenoptera musculus,Balaenoptera musculus,Balaenoptera musculus,Balaenoptera,Balaenopteridae,Artiodactyla,Mammalia,1,direct MOL match
Megaptera novaeangliae,Megaptera novaeangliae,Megaptera novaeangliae,Megaptera,Balaenopteridae,Artiodactyla,Mammalia,1,direct MOL match
Balaena glacialis,Eubalaena glacialis,Eubalaena glacialis,Eubalaena,Balaenidae,Artiodactyla,Mammalia,1,direct MOL match
Homo sapiens,Homo sapiens,Homo sapiens,Homo,Hominidae,Primates,Mammalia,1,direct MOL match
Bos taurus,Bos taurus,Bos taurus,Bos,Bovidae,Artiodactyla,Mammalia,1,direct MOL match
Ovis aries,Ovis aries,Ovis aries,Ovis,Bovidae,Artiodactyla,Mammalia,1,direct MOL match
Gallus gallus,Gallus gallus,Gallus gallus,Gallus,Phasianidae,Galliformes,Aves,1,direct MOL match
Capra hircus,Capra hircus,Capra hircus,Capra,Bovidae,Artiodactyla,Mammalia,1,direct MOL match
Equus caballus,Equus caballus,Equus caballus,Equus,Equidae,Perissodactyla,Mammalia,1,direct MOL match
Sus scrofa,Sus scrofa,Sus scrofa,Sus,Suidae,Artiodactyla,Mammalia,1,direct MOL match
Botaurus lentiginosos,Botaurus lentiginosus,Botaurus lentiginosus,Botaurus,Ardeidae,Pelecaniformes,Aves,1,direct GBIF match
Nyctanassa violaceus,Nyctanassa violacea,Nyctanassa violacea,Nyctanassa,Ardeidae,Pelecaniformes,Aves,1,direct GBIF match
Anas clypeata,Spatula clypeata,Spatula clypeata,Spatula,Anatidae,Anseriformes,Aves,1,direct GBIF match
Elanoides forficodus,Elanoides forficatus,Elanoides forficatus,Elanoides,Accipitridae,Accipitriformes,Aves,1,direct GBIF match
Rallus limocola,Rallus limicola,Rallus limicola,Rallus,Rallidae,Gruiformes,Aves,1,direct GBIF match
Porphyrula martinica,Porphyrio martinica,Porphyrio martinica,Porphyrio,Rallidae,Gruiformes,Aves,1,direct GBIF match
Philohela minor,Scolopax minor,Scolopax minor,Scolopax,Scolopacidae,Charadriiformes,Aves,1,direct GBIF match
Phalaropus fulicarias,Phalaropus fulicarius,Phalaropus fulicarius,Phalaropus,Scolopacidae,Charadriiformes,Aves,1,direct GBIF match
Childonias niger,Chlidonias niger,Chlidonias niger,Chlidonias,Laridae,Charadriiformes,Aves,1,direct GBIF match
Contopus borealis,Contopus cooperi,Contopus cooperi,Contopus,Tyrannidae,Passeriformes,Aves,1,direct GBIF match
Paurs atricapillus,Poecile atricapillus,Poecile atricapillus,Poecile,Paridae,Passeriformes,Aves,1,direct GBIF match
Troglogytes aedon,Troglodytes aedon,Troglodytes aedon,Troglodytes,Certhiidae,Passeriformes,Aves,1,direct GBIF match
Vermivora reficapilla,Leiothlypis ruficapilla,Leiothlypis ruficapilla,Leiothlypis,Parulidae,Passeriformes,Aves,1,direct GBIF match
Ammodramus maritima,Ammospiza maritima,Ammospiza maritima,Ammospiza,Passerellidae,Passeriformes,Aves,1,direct GBIF match
Plectophenax nivalis,Plectrophenax nivalis,Plectrophenax nivalis,Plectrophenax,Fringillidae,Passeriformes,Aves,1,direct GBIF match
Hesperiphona vespertinus,Hesperiphona vespertina,Hesperiphona vespertina,Hesperiphona,Fringillidae,Passeriformes,Aves,1,direct GBIF match
Sorex cinereus nigriculus,Sorex cinereus,Sorex cinereus,Sorex,Soricidae,Eulipotyphla,Mammalia,1,direct GBIF match
Crytotis parva,Cryptotis parvus,Cryptotis parva,Cryptotis,Soricidae,Eulipotyphla,Mammalia,1,direct GBIF match
Sorex hoyii,Sorex hoyi,Sorex hoyi,Sorex,Soricidae,Eulipotyphla,Mammalia,1,direct GBIF match
Castor candensis,Castor canadensis,Castor canadensis,Castor,Castoridae,Rodentia,Mammalia,1,direct GBIF match
"Canis latrans, var.",Canis latrans,Canis latrans,Canis,Canidae,Carnivora,Mammalia,1,direct GBIF match
Pagophilus groenlandica,Phoca groenlandica,Pagophilus groenlandicus,Phoca,Phocidae,Carnivora,Mammalia,1,direct GBIF match
Globicephala macrorhyncus,Globicephala macrorhynchus,Globicephala macrorhynchus,Globicephala,Delphinidae,Artiodactyla,Mammalia,1,direct GBIF match
Canis lupus,Canis lupus,Canis lupus,Canis,Canidae,Carnivora,Mammalia,1,
Felis catus,Felis catus,Felis catus,Felis,Felidae,Carnivora,Mammalia,1,
Didelphis virginiana,Didelphis virginiana,Didelphis virginiana,Didelphis,Didelphidae,Didelphimorphia,Mammalia,1,added again as the official NCBI name is actually this (despite what taxize returned)